Datetime,Water Level (m)
2025-02-18 12:00:00,0.22789638
2025-02-18 13:00:00,0.5148468
2025-02-18 14:00:00,0.501007
2025-02-18 15:00:00,0.3485474
2025-02-18 16:00:00,0.13051699
2025-02-18 17:00:00,-0.1005135
2025-02-18 18:00:00,-0.32401532
2025-02-18 19:00:00,-0.4832957
2025-02-18 20:00:00,-0.615663
2025-02-18 21:00:00,-0.7030466
2025-02-18 22:00:00,-0.54170114
2025-02-18 23:00:00,-0.14081848
2025-02-19 00:00:00,0.13232693
2025-02-19 01:00:00,0.45871693
2025-02-19 02:00:00,0.48348153
2025-02-19 03:00:00,0.31720147
2025-02-19 04:00:00,0.0801199
2025-02-19 05:00:00,-0.15587214
2025-02-19 06:00:00,-0.37898338
2025-02-19 07:00:00,-0.5397955
2025-02-19 08:00:00,-0.67262805
2025-02-19 09:00:00,-0.77660984
2025-02-19 10:00:00,-0.71567583
2025-02-19 11:00:00,-0.35309863
2025-02-19 12:00:00,-0.05752516
2025-02-19 13:00:00,0.30655238
2025-02-19 14:00:00,0.51979876
2025-02-19 15:00:00,0.5164382
2025-02-19 16:00:00,0.3332938
2025-02-19 17:00:00,0.09193941
2025-02-19 18:00:00,-0.14716558
2025-02-19 19:00:00,-0.35958076
2025-02-19 20:00:00,-0.50688094
2025-02-19 21:00:00,-0.6180311
2025-02-19 22:00:00,-0.63194644
2025-02-19 23:00:00,-0.3893685
2025-02-20 00:00:00,-0.1535518
2025-02-20 01:00:00,0.10332928
2025-02-20 02:00:00,0.2936726
2025-02-20 03:00:00,0.24954477
2025-02-20 04:00:00,0.0772848
2025-02-20 05:00:00,-0.12741306
2025-02-20 06:00:00,-0.33624238
2025-02-20 07:00:00,-0.50764215
2025-02-20 08:00:00,-0.64906704
2025-02-20 09:00:00,-0.7673373
2025-02-20 10:00:00,-0.82795966
2025-02-20 11:00:00,-0.6440463
2025-02-20 12:00:00,-0.33200124
2025-02-20 13:00:00,-0.07149933
2025-02-20 14:00:00,0.260329
2025-02-20 15:00:00,0.39313638
2025-02-20 16:00:00,0.3643842
2025-02-20 17:00:00,0.18671462
2025-02-20 18:00:00,-0.025493491
2025-02-20 19:00:00,-0.23851474
2025-02-20 20:00:00,-0.4098688
2025-02-20 21:00:00,-0.5347968
2025-02-20 22:00:00,-0.6210605
2025-02-20 23:00:00,-0.6265279
2025-02-21 00:00:00,-0.47080052
2025-02-21 01:00:00,-0.2844769
2025-02-21 02:00:00,-0.088451944
2025-02-21 03:00:00,0.04551973
2025-02-21 04:00:00,-0.0027765466
2025-02-21 05:00:00,-0.13904478
2025-02-21 06:00:00,-0.3123287
2025-02-21 07:00:00,-0.47593194
2025-02-21 08:00:00,-0.6079693
2025-02-21 09:00:00,-0.7203657
2025-02-21 10:00:00,-0.801831
2025-02-21 11:00:00,-0.80453885
2025-02-21 12:00:00,-0.61746246
2025-02-21 13:00:00,-0.37270617
2025-02-21 14:00:00,-0.121724896
2025-02-21 15:00:00,0.16947101
2025-02-21 16:00:00,0.30656248
2025-02-21 17:00:00,0.32287574
2025-02-21 18:00:00,0.20177703
2025-02-21 19:00:00,0.0043925
2025-02-21 20:00:00,-0.1935606
2025-02-21 21:00:00,-0.3681222
2025-02-21 22:00:00,-0.48985213
2025-02-21 23:00:00,-0.5782459
2025-02-22 00:00:00,-0.6239303
2025-02-22 01:00:00,-0.60030043
2025-02-22 02:00:00,-0.49040145
2025-02-22 03:00:00,-0.3436819
2025-02-22 04:00:00,-0.20354088
2025-02-22 05:00:00,-0.1564398
2025-02-22 06:00:00,-0.20604524
2025-02-22 07:00:00,-0.31503338
2025-02-22 08:00:00,-0.45153683
2025-02-22 09:00:00,-0.57182705
2025-02-22 10:00:00,-0.6694991
2025-02-22 11:00:00,-0.7467641
2025-02-22 12:00:00,-0.77043015
2025-02-22 13:00:00,-0.6664463
2025-02-22 14:00:00,-0.45304596
2025-02-22 15:00:00,-0.22509149
2025-02-22 16:00:00,0.04143497
2025-02-22 17:00:00,0.24062768
2025-02-22 18:00:00,0.31442535
2025-02-22 19:00:00,0.26901156
2025-02-22 20:00:00,0.10901874
2025-02-22 21:00:00,-0.078970045
2025-02-22 22:00:00,-0.26760218
2025-02-22 23:00:00,-0.42305315
2025-02-23 00:00:00,-0.54567873
2025-02-23 01:00:00,-0.6470702
2025-02-23 02:00:00,-0.723019
2025-02-23 03:00:00,-0.7325062
2025-02-23 04:00:00,-0.61275935
2025-02-23 05:00:00,-0.42556408
2025-02-23 06:00:00,-0.27013037
2025-02-23 07:00:00,-0.14369005
2025-02-23 08:00:00,-0.14904766
2025-02-23 09:00:00,-0.234038
2025-02-23 10:00:00,-0.37125173
2025-02-23 11:00:00,-0.5125008
2025-02-23 12:00:00,-0.62572134
2025-02-23 13:00:00,-0.714201
2025-02-23 14:00:00,-0.73368675
2025-02-23 15:00:00,-0.5616406
2025-02-23 16:00:00,-0.3301863
2025-02-23 17:00:00,-0.07506282
2025-02-23 18:00:00,0.21893452
2025-02-23 19:00:00,0.3787973
2025-02-23 20:00:00,0.40706223
2025-02-23 21:00:00,0.2829713
2025-02-23 22:00:00,0.06924012
2025-02-23 23:00:00,-0.14913188
2025-02-24 00:00:00,-0.36054248
2025-02-24 01:00:00,-0.5208266
2025-02-24 02:00:00,-0.6508822
2025-02-24 03:00:00,-0.7602036
2025-02-24 04:00:00,-0.8171388
2025-02-24 05:00:00,-0.6629459
2025-02-24 06:00:00,-0.38146368
2025-02-24 07:00:00,-0.17658275
2025-02-24 08:00:00,0.050691772
2025-02-24 09:00:00,0.05427206
2025-02-24 10:00:00,-0.078855075
2025-02-24 11:00:00,-0.26219347
2025-02-24 12:00:00,-0.44665548
